,Ref_dir [1 0 1],User_pref,Ref_dir [1 0 0],Ref_dir [1 1 0],Ref_dir [0 1 0],Ref_dir [0 1 1],Ref_dir [0 0 1]
0,0.07897990210000505,0.07870424511753016,0.07870424511753016,0.059015653975307836,0.059015653975307836,0.05441301769216633,0.05893212155637606
1,0.2650523487313591,0.2743898643931201,0.2743898643931201,0.5478844952202602,0.5478844952202602,0.6305954563532739,0.57653992659026
2,0.07478289455402432,0.07064605597897011,0.07064605597897011,0.03908817272444087,0.03908817272444087,0.31554545985932414,0.37420802185692975
